Vicki_Middletondcyb@sandbox7e64c317900647609c225574db67437b.mailgun.org,1Aa@<>12,100001100000026510
David_Poolemrbx@sandbox7e64c317900647609c225574db67437b.mailgun.org,1Aa@<>12,100001100000026344
Amanda_Butlertomu@sandbox7e64c317900647609c225574db67437b.mailgun.org,1Aa@<>12,100001100000026343
Tracy_Smithujsy@sandbox7e64c317900647609c225574db67437b.mailgun.org,1Aa@<>12,100001100000026335
Brenda_Millercqoy@sandbox7e64c317900647609c225574db67437b.mailgun.org,1Aa@<>12,100001100000026148
Mark_Leebzbk@sandbox7e64c317900647609c225574db67437b.mailgun.org,1Aa@<>12,100001100000026142
Dr_Elizabeth_Hudson_MDdhqp@sandbox7e64c317900647609c225574db67437b.mailgun.org,1Aa@<>12,100001100000026141
Victor_Thompsongynk@sandbox7e64c317900647609c225574db67437b.mailgun.org,1Aa@<>12,100001100000026025
Jeffrey_Kleinpfqs@sandbox7e64c317900647609c225574db67437b.mailgun.org,1Aa@<>12,100001100000026022
April_Chavezpktb@sandbox7e64c317900647609c225574db67437b.mailgun.org,1Aa@<>12,100001100000026021
Christopher_Nelson_MD@sandbox7e64c317900647609c225574db67437b.mailgun.org,1Aa@<>12,100001100000025840
Jasmine_Ferrell@sandbox7e64c317900647609c225574db67437b.mailgun.org,1Aa@<>12,100001100000025838
Bobby_Hernandez@sandbox7e64c317900647609c225574db67437b.mailgun.org,1Aa@<>12,100001100000025837
Cathy_Price@sandbox7e64c317900647609c225574db67437b.mailgun.org,1Aa@<>12,100001100000025836
Sarah_Torres@sandbox7e64c317900647609c225574db67437b.mailgun.org,1Aa@<>12,100001100000025835
Melissa_Webb@sandbox7e64c317900647609c225574db67437b.mailgun.org,1Aa@<>12,100001100000025834
Mr_Juan_Kirk@sandbox7e64c317900647609c225574db67437b.mailgun.org,1Aa@<>12,100001100000025833
Ray_Vega@sandbox7e64c317900647609c225574db67437b.mailgun.org,1Aa@<>12,100001100000025832
Joshua_Williams@sandbox7e64c317900647609c225574db67437b.mailgun.org,1Aa@<>12,100001100000025831
Isaac_Brown@sandbox7e64c317900647609c225574db67437b.mailgun.org,1Aa@<>12,100001100000025830
Michelle_Sanders@sandbox7e64c317900647609c225574db67437b.mailgun.org,1Aa@<>12,100001100000025829
Thomas_Castro@sandbox7e64c317900647609c225574db67437b.mailgun.org,1Aa@<>12,100001100000025828
Jeffrey_Arnold@sandbox7e64c317900647609c225574db67437b.mailgun.org,1Aa@<>12,100001100000025827
Michelle_Wyatt@sandbox7e64c317900647609c225574db67437b.mailgun.org,1Aa@<>12,100001100000025826
Joseph_Avery@sandbox7e64c317900647609c225574db67437b.mailgun.org,1Aa@<>12,100001100000025825
Bruce_Barnes@sandbox7e64c317900647609c225574db67437b.mailgun.org,1Aa@<>12,100001100000025824
David_Lee@sandbox7e64c317900647609c225574db67437b.mailgun.org,1Aa@<>12,100001100000025823
Edward_Myers@sandbox7e64c317900647609c225574db67437b.mailgun.org,1Aa@<>12,100001100000025793
Rhonda_Acosta@sandbox7e64c317900647609c225574db67437b.mailgun.org,1Aa@<>12,100001100000025792
Brian_Patel@sandbox7e64c317900647609c225574db67437b.mailgun.org,1Aa@<>12,100001100000025791
Rose_Carroll@sandbox7e64c317900647609c225574db67437b.mailgun.org,1Aa@<>12,100001100000025724
Daniel_Carney@sandbox7e64c317900647609c225574db67437b.mailgun.org,1Aa@<>12,100001100000025666
Michael_Stewart@sandbox7e64c317900647609c225574db67437b.mailgun.org,1Aa@<>12,100001100000025637
Tammie_Black@sandbox7e64c317900647609c225574db67437b.mailgun.org,1Aa@<>12,100001100000025577
Mrs_Nancy_Ray_DDS@sandbox7e64c317900647609c225574db67437b.mailgun.org,1Aa@<>12,100001100000025576
Micheal_Leonard@sandbox7e64c317900647609c225574db67437b.mailgun.org,1Aa@<>12,100001100000025453
Robert_Campbell@sandbox7e64c317900647609c225574db67437b.mailgun.org,1Aa@<>12,100001100000025451
Alexis_Thompson@sandbox7e64c317900647609c225574db67437b.mailgun.org,1Aa@<>12,100001100000025336
Maria_Roberts@sandbox7e64c317900647609c225574db67437b.mailgun.org,1Aa@<>12,100001100000025473
Rebecca_Burgess@sandbox7e64c317900647609c225574db67437b.mailgun.org,1Aa@<>12,100001100000025472
Robin_Gonzalez@sandbox7e64c317900647609c225574db67437b.mailgun.org,1Aa@<>12,100001100000025471
Beth_Harris@sandbox7e64c317900647609c225574db67437b.mailgun.org,1Aa@<>12,100001100000025470
Robert_Bryant@sandbox7e64c317900647609c225574db67437b.mailgun.org,1Aa@<>12,100001100000025469
Donald_Henderson@sandbox7e64c317900647609c225574db67437b.mailgun.org,1Aa@<>12,100001100000025467
Danielle_Copeland@sandbox7e64c317900647609c225574db67437b.mailgun.org,1Aa@<>12,100001100000025466
Julie_Reyes@sandbox7e64c317900647609c225574db67437b.mailgun.org,1Aa@<>12,100001100000025465
Andrea_Logan@sandbox7e64c317900647609c225574db67437b.mailgun.org,1Aa@<>12,100001100000025464
Phillip_Andrews@sandbox7e64c317900647609c225574db67437b.mailgun.org,1Aa@<>12,100001100000025462
Peter_Jenkins@sandbox7e64c317900647609c225574db67437b.mailgun.org,1Aa@<>12,100001100000025048
Suzanne_Matthews@sandbox7e64c317900647609c225574db67437b.mailgun.org,1Aa@<>12,100001100000025047
Michael_Garrett@sandbox7e64c317900647609c225574db67437b.mailgun.org,1Aa@<>12,100001100000025046
Paul_Davidson@sandbox7e64c317900647609c225574db67437b.mailgun.org,1Aa@<>12,100001100000025044
Kimberly_Jordan@sandbox7e64c317900647609c225574db67437b.mailgun.org,1Aa@<>12,100001100000025042
Melissa_Kelley@sandbox7e64c317900647609c225574db67437b.mailgun.org,1Aa@<>12,100001100000025041
Juan_Cole@sandbox7e64c317900647609c225574db67437b.mailgun.org,1Aa@<>12,100001100000025040
Nicholas_Briggs@sandbox7e64c317900647609c225574db67437b.mailgun.org,1Aa@<>12,100001100000025039
Nathan_Lewis@sandbox7e64c317900647609c225574db67437b.mailgun.org,1Aa@<>12,100001100000025001
Lori_Soto@sandbox7e64c317900647609c225574db67437b.mailgun.org,1Aa@<>12,100001100000024988
Mrs_Marissa_Cox@sandbox7e64c317900647609c225574db67437b.mailgun.org,1Aa@<>12,100001100000024970
Colleen_Strickland@sandbox7e64c317900647609c225574db67437b.mailgun.org,1Aa@<>12,100001100000024956
Miss_Allison_Christian@sandbox7e64c317900647609c225574db67437b.mailgun.org,1Aa@<>12,100001100000024955
Michael_King@sandbox7e64c317900647609c225574db67437b.mailgun.org,1Aa@<>12,100001100000024954
Dale_Wood@sandbox7e64c317900647609c225574db67437b.mailgun.org,1Aa@<>12,100001100000024953
Mrs_Monica_Welch@sandbox7e64c317900647609c225574db67437b.mailgun.org,1Aa@<>12,100001100000024952
Jeanette_Brown@sandbox7e64c317900647609c225574db67437b.mailgun.org,1Aa@<>12,100001100000024951
Megan_Terry_PhD@sandbox7e64c317900647609c225574db67437b.mailgun.org,1Aa@<>12,100001100000024950
Robert_Chen@sandbox7e64c317900647609c225574db67437b.mailgun.org,1Aa@<>12,100001100000024948
Meghan_Martinez@sandbox7e64c317900647609c225574db67437b.mailgun.org,1Aa@<>12,100001100000024946
Eric_Johnson@sandbox7e64c317900647609c225574db67437b.mailgun.org,1Aa@<>12,100001100000024945
Roy_Burns@sandbox7e64c317900647609c225574db67437b.mailgun.org,1Aa@<>12,100001100000024944
Brian_Gibson@sandbox7e64c317900647609c225574db67437b.mailgun.org,1Aa@<>12,100001100000024943
Nicolas_Leach@sandbox7e64c317900647609c225574db67437b.mailgun.org,1Aa@<>12,100001100000024942
Andrea_Pearson@sandbox7e64c317900647609c225574db67437b.mailgun.org,1Aa@<>12,100001100000024941
Joseph_Patel@sandbox7e64c317900647609c225574db67437b.mailgun.org,1Aa@<>12,100001100000024940
Ellen_Jarvis@sandbox7e64c317900647609c225574db67437b.mailgun.org,1Aa@<>12,100001100000024939
Shannon_Wood@sandbox7e64c317900647609c225574db67437b.mailgun.org,1Aa@<>12,100001100000024883
Gary_Hale@sandbox7e64c317900647609c225574db67437b.mailgun.org,1Aa@<>12,100001100000024882
Kristen_Lyons@sandbox7e64c317900647609c225574db67437b.mailgun.org,1Aa@<>12,100001100000024881
Michelle_Andersen@sandbox7e64c317900647609c225574db67437b.mailgun.org,1Aa@<>12,100001100000024880
Robert_Medina@sandbox7e64c317900647609c225574db67437b.mailgun.org,1Aa@<>12,100001100000024879
Marcus_Pineda@sandbox7e64c317900647609c225574db67437b.mailgun.org,1Aa@<>12,100001100000024878
Jessica_Reed@sandbox7e64c317900647609c225574db67437b.mailgun.org,1Aa@<>12,100001100000024877
Daniel_Reed@sandbox7e64c317900647609c225574db67437b.mailgun.org,1Aa@<>12,100001100000024876
Lee_Mendoza@sandbox7e64c317900647609c225574db67437b.mailgun.org,1Aa@<>12,100001100000024875
Norma_Elliott@sandbox7e64c317900647609c225574db67437b.mailgun.org,1Aa@<>12,100001100000024874
Virginia_Smith@sandbox7e64c317900647609c225574db67437b.mailgun.org,1Aa@<>12,100001100000024873
Shannon_Oliver@sandbox7e64c317900647609c225574db67437b.mailgun.org,1Aa@<>12,100001100000024872
Megan_Meyers@sandbox7e64c317900647609c225574db67437b.mailgun.org,1Aa@<>12,100001100000024871
Danny_Moreno@sandbox7e64c317900647609c225574db67437b.mailgun.org,1Aa@<>12,100001100000024870
Bruce_Thompson@sandbox7e64c317900647609c225574db67437b.mailgun.org,1Aa@<>12,100001100000024869
Lisa_Berry@sandbox7e64c317900647609c225574db67437b.mailgun.org,1Aa@<>12,100001100000024868
Brianna_Baker@sandbox7e64c317900647609c225574db67437b.mailgun.org,1Aa@<>12,100001100000024867
Destiny_Torres@sandbox7e64c317900647609c225574db67437b.mailgun.org,1Aa@<>12,100001100000024835
Peter_Valenzuela@sandbox7e64c317900647609c225574db67437b.mailgun.org,1Aa@<>12,100001100000024834
Kevin_Mclaughlin@sandbox7e64c317900647609c225574db67437b.mailgun.org,1Aa@<>12,100001100000024833
Andrew_Tran@sandbox7e64c317900647609c225574db67437b.mailgun.org,1Aa@<>12,100001100000024832
Scott_Hester@sandbox7e64c317900647609c225574db67437b.mailgun.org,1Aa@<>12,100001100000024831
Joseph_Potter@sandbox7e64c317900647609c225574db67437b.mailgun.org,1Aa@<>12,100001100000024830
Alexander_Avila@sandbox7e64c317900647609c225574db67437b.mailgun.org,1Aa@<>12,100001100000024829
Rachael_Stone@sandbox7e64c317900647609c225574db67437b.mailgun.org,1Aa@<>12,100001100000024828
Emily_Hendrix@sandbox7e64c317900647609c225574db67437b.mailgun.org,1Aa@<>12,100001100000024827
Katherine_Brooks@sandbox7e64c317900647609c225574db67437b.mailgun.org,1Aa@<>12,100001100000024751
Jodi_Davies@sandbox7e64c317900647609c225574db67437b.mailgun.org,1Aa@<>12,100001100000024553
Paula_Valentine@sandbox7e64c317900647609c225574db67437b.mailgun.org,1Aa@<>12,100001100000024549
Carl_Washington@sandbox7e64c317900647609c225574db67437b.mailgun.org,1Aa@<>12,100001100000024518
Bradley_Newton@sandbox7e64c317900647609c225574db67437b.mailgun.org,1Aa@<>12,100001100000024517
Timothy_Evans@sandbox7e64c317900647609c225574db67437b.mailgun.org,1Aa@<>12,100001100000024516
Sharon_Terrell@sandbox7e64c317900647609c225574db67437b.mailgun.org,1Aa@<>12,100001100000023795
Jasmine_Perkins@sandbox7e64c317900647609c225574db67437b.mailgun.org,1Aa@<>12,100001100000023794
Kelli_Norton@sandbox7e64c317900647609c225574db67437b.mailgun.org,1Aa@<>12,100001100000023770
Gary_Maldonado@sandbox7e64c317900647609c225574db67437b.mailgun.org,1Aa@<>12,100001100000023340
Daniel_Andrews@sandbox7e64c317900647609c225574db67437b.mailgun.org,1Aa@<>12,100001100000023199
Margaret_Estrada@sandbox7e64c317900647609c225574db67437b.mailgun.org,1Aa@<>12,100001100000023197
Kathryn_Nguyen@sandbox7e64c317900647609c225574db67437b.mailgun.org,1Aa@<>12,100001100000023194
Amber_Smith@sandbox7e64c317900647609c225574db67437b.mailgun.org,1Aa@<>12,100001100000023191
John_Young@sandbox7e64c317900647609c225574db67437b.mailgun.org,1Aa@<>12,100001100000023168
John_Braun@sandbox7e64c317900647609c225574db67437b.mailgun.org,1Aa@<>12,100001100000023100
Erin_Torres@sandbox7e64c317900647609c225574db67437b.mailgun.org,1Aa@<>12,100001100000023099
Paul_Church@sandbox7e64c317900647609c225574db67437b.mailgun.org,1Aa@<>12,100001100000023056
Troy_Bradford@sandbox7e64c317900647609c225574db67437b.mailgun.org,1Aa@<>12,100001100000023032
